{"header" : {
  "cloc_url"           : "github.com/AlDanial/cloc",
  "cloc_version"       : "1.98",
  "elapsed_seconds"    : 3.15541696548462,
  "n_files"            : 2678,
  "n_lines"            : 506811,
  "files_per_second"   : 848.699246183049,
  "lines_per_second"   : 160616.173882478,
  "report_file"        : "dotnet-efcore.cloc.json"},
"C#" :{
  "nFiles": 2678,
  "blank": 58150,
  "comment": 175244,
  "code": 273417},
"SUM": {
  "blank": 58150,
  "comment": 175244,
  "code": 273417,
  "nFiles": 2678} }
