{"header" : {
  "cloc_url"           : "github.com/AlDanial/cloc",
  "cloc_version"       : "1.98",
  "elapsed_seconds"    : 2.36373710632324,
  "n_files"            : 5478,
  "n_lines"            : 414849,
  "files_per_second"   : 2317.51660764041,
  "lines_per_second"   : 175505.558080142,
  "report_file"        : "MassTransit-MassTransit.cloc.json"},
"C#" :{
  "nFiles": 5478,
  "blank": 76595,
  "comment": 28599,
  "code": 309655},
"SUM": {
  "blank": 76595,
  "comment": 28599,
  "code": 309655,
  "nFiles": 5478} }
