{"header" : {
  "cloc_url"           : "github.com/AlDanial/cloc",
  "cloc_version"       : "1.98",
  "elapsed_seconds"    : 3.28381204605103,
  "n_files"            : 1602,
  "n_lines"            : 205153,
  "files_per_second"   : 487.847653134258,
  "lines_per_second"   : 62474.0384416058,
  "report_file"        : "jellyfin-jellyfin.cloc.json"},
"C#" :{
  "nFiles": 1602,
  "blank": 29641,
  "comment": 40112,
  "code": 135400},
"SUM": {
  "blank": 29641,
  "comment": 40112,
  "code": 135400,
  "nFiles": 1602} }
