{"header" : {
  "cloc_url"           : "github.com/AlDanial/cloc",
  "cloc_version"       : "1.98",
  "elapsed_seconds"    : 1.70030188560486,
  "n_files"            : 4408,
  "n_lines"            : 271854,
  "files_per_second"   : 2592.48080433194,
  "lines_per_second"   : 159885.725177145,
  "report_file"        : "MassTransit-MassTransit.cloc.json"},
"C#" :{
  "nFiles": 4408,
  "blank": 47085,
  "comment": 27354,
  "code": 197415},
"SUM": {
  "blank": 47085,
  "comment": 27354,
  "code": 197415,
  "nFiles": 4408} }
