{"header" : {
  "cloc_url"           : "github.com/AlDanial/cloc",
  "cloc_version"       : "1.98",
  "elapsed_seconds"    : 6.96934795379639,
  "n_files"            : 5006,
  "n_lines"            : 1583799,
  "files_per_second"   : 718.288143049753,
  "lines_per_second"   : 227252.106007602,
  "report_file"        : "dotnet-efcore.cloc.json"},
"C#" :{
  "nFiles": 5006,
  "blank": 205999,
  "comment": 188312,
  "code": 1189488},
"SUM": {
  "blank": 205999,
  "comment": 188312,
  "code": 1189488,
  "nFiles": 5006} }
